,path,content
0,docs/1a74f8f7b8b7e871b413c4697f68b4401fbacdf0/criticalcare/Procedures/ACCP CVC placement following completion of initial competencies.pdf,next review :  march 2026 .
1,docs/1a74f8f7b8b7e871b413c4697f68b4401fbacdf0/criticalcare/Procedures/Inadvertent Catheter Placement Guideline.pdf,next review :  oct 2025 do
2,docs/1a74f8f7b8b7e871b413c4697f68b4401fbacdf0/criticalcare/Procedures/ACCPs acquiring initial CVC competencies.pdf,next review :  march 2026 .
3,docs/1a74f8f7b8b7e871b413c4697f68b4401fbacdf0/criticalcare/Procedures/Arterial Line insertion for ACCPs.pdf,next review :  may 2025 .
4,docs/1a74f8f7b8b7e871b413c4697f68b4401fbacdf0/criticalcare/Procedures/Securing CVCs.pdf,next review :  august 2023 .
5,docs/1a74f8f7b8b7e871b413c4697f68b4401fbacdf0/criticalcare/GI_Liver_and_Transplant/stress ulcer prophylaxis.pdf,review date: december 2021 
6,docs/1a74f8f7b8b7e871b413c4697f68b4401fbacdf0/criticalcare/GI_Liver_and_Transplant/Upper GI bleeding  (Endoscopy) guideline for critical care.pdf,status : final  review date:  october  2025 authoriser : rie qit team  date authorisation:  september 22nd  2022
7,docs/1a74f8f7b8b7e871b413c4697f68b4401fbacdf0/criticalcare/GI_Liver_and_Transplant/Abdominal pressure measurement.pdf,review date: june 2021
8,docs/1a74f8f7b8b7e871b413c4697f68b4401fbacdf0/criticalcare/GI_Liver_and_Transplant/Fulminant Liver Failure.pdf,next review :  july 2024 .
9,docs/1a74f8f7b8b7e871b413c4697f68b4401fbacdf0/criticalcare/GI_Liver_and_Transplant/Confirmation of Nasogastric Tube Position.pdf,reviewed: next review : july 2024 .
10,docs/1a74f8f7b8b7e871b413c4697f68b4401fbacdf0/criticalcare/GI_Liver_and_Transplant/Simultaneous Kidney and Pancreas (SKP) Transplant Post-Op care.pdf,next review: 01/12/2022  critical care guidelines for critical care use only
11,docs/1a74f8f7b8b7e871b413c4697f68b4401fbacdf0/criticalcare/GI_Liver_and_Transplant/Nasal bridle.pdf,review date jan 2016 .
12,docs/1a74f8f7b8b7e871b413c4697f68b4401fbacdf0/criticalcare/GI_Liver_and_Transplant/Treatment of constipation.pdf,next review : june 2021
13,docs/1a74f8f7b8b7e871b413c4697f68b4401fbacdf0/criticalcare/GI_Liver_and_Transplant/Pancreatic Irrigation.pdf,reviewed nov 2012 next review nov 2014 
14,docs/1a74f8f7b8b7e871b413c4697f68b4401fbacdf0/criticalcare/GI_Liver_and_Transplant/Liver Transplant Post-operative care.pdf,next review :  10/08/2023  critical care guidelines for critical care use only
15,docs/1a74f8f7b8b7e871b413c4697f68b4401fbacdf0/criticalcare/Renal_and_Urology/RRT in COVID or suspected patients.pdf,next review :  11/11/2022  **for intensive care use only ** adult heparin infusion chart for covid-19 patients
16,docs/1a74f8f7b8b7e871b413c4697f68b4401fbacdf0/criticalcare/Renal_and_Urology/Antibiotic doses in CVVHD.pdf,review date:  february 2023 
17,docs/1a74f8f7b8b7e871b413c4697f68b4401fbacdf0/criticalcare/Renal_and_Urology/RRT guideline including citrate.pdf,next review :  23/03/2023 critical care guidelines
18,docs/1a74f8f7b8b7e871b413c4697f68b4401fbacdf0/criticalcare/Renal_and_Urology/Urology.pdf,review date: 
19,docs/1a74f8f7b8b7e871b413c4697f68b4401fbacdf0/criticalcare/Renal_and_Urology/Citrate anticoagulation quick reference guide.pdf,authors: jennifer service and oliver robinson. writ ten 30/4/18. review date 30/4/20 always refer to full critical care nhs lothian prot ocol
20,docs/1a74f8f7b8b7e871b413c4697f68b4401fbacdf0/criticalcare/Drugs/phosphate.pdf,next review : janauary 2024 
21,docs/1a74f8f7b8b7e871b413c4697f68b4401fbacdf0/criticalcare/Drugs/Milrinone.pdf,review date: april 2024 
22,docs/1a74f8f7b8b7e871b413c4697f68b4401fbacdf0/criticalcare/Drugs/valproate.pdf,review date: june 2023 
23,docs/1a74f8f7b8b7e871b413c4697f68b4401fbacdf0/criticalcare/Drugs/anidulafungin.pdf,review date: december 2021 
24,docs/1a74f8f7b8b7e871b413c4697f68b4401fbacdf0/criticalcare/Drugs/zanamivir.pdf,review date: december 2021 
25,docs/1a74f8f7b8b7e871b413c4697f68b4401fbacdf0/criticalcare/Drugs/potassium.pdf,review date: january 2023 
26,docs/1a74f8f7b8b7e871b413c4697f68b4401fbacdf0/criticalcare/Drugs/Antibiotic doses in CVVHD.pdf,review date:  february 2023 
27,docs/1a74f8f7b8b7e871b413c4697f68b4401fbacdf0/criticalcare/Drugs/phenytoin.pdf,review date: march 2024 
28,docs/1a74f8f7b8b7e871b413c4697f68b4401fbacdf0/criticalcare/Drugs/atracurium.pdf,review date: july 2022 
29,docs/1a74f8f7b8b7e871b413c4697f68b4401fbacdf0/criticalcare/Drugs/noradrenaline.pdf,review date: june
30,docs/1a74f8f7b8b7e871b413c4697f68b4401fbacdf0/criticalcare/Drugs/salbutamol.pdf,review date: 
31,docs/1a74f8f7b8b7e871b413c4697f68b4401fbacdf0/criticalcare/Drugs/pancuronium.pdf,review date: march 2024 
32,docs/1a74f8f7b8b7e871b413c4697f68b4401fbacdf0/criticalcare/Drugs/alfentanil.pdf,review date: nov 24 
33,docs/1a74f8f7b8b7e871b413c4697f68b4401fbacdf0/criticalcare/Drugs/sodium_bicarbonate.pdf,next review : august 2019
34,docs/1a74f8f7b8b7e871b413c4697f68b4401fbacdf0/criticalcare/Drugs/nimodipine.pdf,review date: 
35,docs/1a74f8f7b8b7e871b413c4697f68b4401fbacdf0/criticalcare/Drugs/heparin for Haemofiltration.pdf,review date: march 2020
36,docs/1a74f8f7b8b7e871b413c4697f68b4401fbacdf0/criticalcare/Drugs/dexmedetomidine.pdf,review date: july 2024 
37,docs/1a74f8f7b8b7e871b413c4697f68b4401fbacdf0/criticalcare/Drugs/phenylephrine.pdf,review date: december 2022 
38,docs/1a74f8f7b8b7e871b413c4697f68b4401fbacdf0/criticalcare/Drugs/epoprostenol.pdf,review date: october 2022 
39,docs/1a74f8f7b8b7e871b413c4697f68b4401fbacdf0/criticalcare/Drugs/heparin dosing in CVVHD.pdf,next review :  09/06/2023 .
40,docs/1a74f8f7b8b7e871b413c4697f68b4401fbacdf0/criticalcare/Drugs/alteplase for massive PE.pdf,review date: 
41,docs/1a74f8f7b8b7e871b413c4697f68b4401fbacdf0/criticalcare/Drugs/metaraminol for hypotension.pdf,date of next review: 1/11/25 metaraminol infusion 
42,docs/1a74f8f7b8b7e871b413c4697f68b4401fbacdf0/criticalcare/Drugs/aminophylline.pdf,review date: february 2024 
43,docs/1a74f8f7b8b7e871b413c4697f68b4401fbacdf0/criticalcare/Drugs/neostigmine.pdf,review date: jan 2025 
44,docs/1a74f8f7b8b7e871b413c4697f68b4401fbacdf0/criticalcare/Drugs/all IV drug infusion information.pdf,issue date: september 2020 review date: september 202 2 version: 20.1 
45,docs/1a74f8f7b8b7e871b413c4697f68b4401fbacdf0/criticalcare/Drugs/phenobarbitone.pdf,review date: 
46,docs/1a74f8f7b8b7e871b413c4697f68b4401fbacdf0/criticalcare/Drugs/ketamine for status epilepticus.pdf,review date: june 2023 
47,docs/1a74f8f7b8b7e871b413c4697f68b4401fbacdf0/criticalcare/Drugs/isoprenaline.pdf,"review date: october 2023    version 1.2 lothian university hospitals nhs trust department of cardiology and department of pharmacy, royal infirmary of  edinburgh"
48,docs/1a74f8f7b8b7e871b413c4697f68b4401fbacdf0/criticalcare/Drugs/nicardipine.pdf,review date: may 2023 
49,docs/1a74f8f7b8b7e871b413c4697f68b4401fbacdf0/criticalcare/Drugs/diazepam_diazemuls.pdf,next review : july 2018
50,docs/1a74f8f7b8b7e871b413c4697f68b4401fbacdf0/criticalcare/Drugs/vasopressin_sepsis.pdf,next review : may 2023 
51,docs/1a74f8f7b8b7e871b413c4697f68b4401fbacdf0/criticalcare/Drugs/magnesium.pdf,review date: december 24 
52,docs/1a74f8f7b8b7e871b413c4697f68b4401fbacdf0/criticalcare/Drugs/vasopressin organ donation.pdf,next review : may 2023 
53,docs/1a74f8f7b8b7e871b413c4697f68b4401fbacdf0/criticalcare/Drugs/calcium.pdf,next review : april 2023 
54,docs/1a74f8f7b8b7e871b413c4697f68b4401fbacdf0/criticalcare/Drugs/insulin.pdf,review date: march 2022 
55,docs/1a74f8f7b8b7e871b413c4697f68b4401fbacdf0/criticalcare/Drugs/morphine.pdf,status draft/final: final review date: june 2022 authoriser: lothian critical care qit editorial
56,docs/1a74f8f7b8b7e871b413c4697f68b4401fbacdf0/criticalcare/Drugs/ketamine_in_asthma.pdf,review date: june 2021 
57,docs/1a74f8f7b8b7e871b413c4697f68b4401fbacdf0/criticalcare/Drugs/fentanyl.pdf,review date: april 2020
58,docs/1a74f8f7b8b7e871b413c4697f68b4401fbacdf0/criticalcare/Drugs/rocuronium.pdf,review date: march 2024 
59,docs/1a74f8f7b8b7e871b413c4697f68b4401fbacdf0/criticalcare/Drugs/paracetamol.pdf,next review : august 2019
60,docs/1a74f8f7b8b7e871b413c4697f68b4401fbacdf0/criticalcare/Drugs/hydralazine.pdf,review date: october 24 
61,docs/1a74f8f7b8b7e871b413c4697f68b4401fbacdf0/criticalcare/Drugs/midazolam and thiopental levels.pdf,next review : august 2022 .
62,docs/1a74f8f7b8b7e871b413c4697f68b4401fbacdf0/criticalcare/Drugs/labetalol.pdf,review date: february 2025 
63,docs/1a74f8f7b8b7e871b413c4697f68b4401fbacdf0/criticalcare/Drugs/thiopentone.pdf,review date: june 2023 
64,docs/1a74f8f7b8b7e871b413c4697f68b4401fbacdf0/criticalcare/Drugs/heparin_critical_care_only.pdf,reviewed on:  next review:  18 sep 2014 .
65,docs/1a74f8f7b8b7e871b413c4697f68b4401fbacdf0/criticalcare/Drugs/midazolam.pdf,status draft/final: final review date: may 2022 authoriser: lothian critical care qit
66,docs/1a74f8f7b8b7e871b413c4697f68b4401fbacdf0/criticalcare/Drugs/clonidine.pdf,review date: 
67,docs/1a74f8f7b8b7e871b413c4697f68b4401fbacdf0/criticalcare/Drugs/amiodarone.pdf,amiodarone should be prescribed as a regular iv with a review date. 
68,docs/1a74f8f7b8b7e871b413c4697f68b4401fbacdf0/criticalcare/Drugs/.temp/vancomycin.pdf,review date :
69,docs/1a74f8f7b8b7e871b413c4697f68b4401fbacdf0/criticalcare/Drugs/.temp/anidulafungin.pdf,review date: december 2021 
70,docs/1a74f8f7b8b7e871b413c4697f68b4401fbacdf0/criticalcare/Drugs/.temp/zanamivir.pdf,review date: 
71,docs/1a74f8f7b8b7e871b413c4697f68b4401fbacdf0/criticalcare/Drugs/.temp/Antibiotic doses in CVVHD.pdf,review date: 
72,docs/1a74f8f7b8b7e871b413c4697f68b4401fbacdf0/criticalcare/Drugs/.temp/fentanylv1 0.pdf,review date: april 2020
73,docs/1a74f8f7b8b7e871b413c4697f68b4401fbacdf0/criticalcare/Drugs/.temp/phenytoin.pdf,review date: 
74,docs/1a74f8f7b8b7e871b413c4697f68b4401fbacdf0/criticalcare/Drugs/.temp/vasopressin_organ_donors.pdf,next review : july 2020
75,docs/1a74f8f7b8b7e871b413c4697f68b4401fbacdf0/criticalcare/Drugs/.temp/atracurium.pdf,status draft/final: final  review date: july 2022 authoriser: lothian critical care qit
76,docs/1a74f8f7b8b7e871b413c4697f68b4401fbacdf0/criticalcare/Drugs/.temp/noradrenaline.pdf,review date: september 20 18
77,docs/1a74f8f7b8b7e871b413c4697f68b4401fbacdf0/criticalcare/Drugs/.temp/salbutamol.pdf,review date : december 2022
78,docs/1a74f8f7b8b7e871b413c4697f68b4401fbacdf0/criticalcare/Drugs/.temp/ketamine.pdf,review date: june 2021
79,docs/1a74f8f7b8b7e871b413c4697f68b4401fbacdf0/criticalcare/Drugs/.temp/alfentanil.pdf,review date: 
80,docs/1a74f8f7b8b7e871b413c4697f68b4401fbacdf0/criticalcare/Drugs/.temp/sodium_bicarbonate.pdf,next review : august 2019
81,docs/1a74f8f7b8b7e871b413c4697f68b4401fbacdf0/criticalcare/Drugs/.temp/nimodipine.pdf,status draft/final: final review date: august 2022 authoriser: lothian critical care qit
82,docs/1a74f8f7b8b7e871b413c4697f68b4401fbacdf0/criticalcare/Drugs/.temp/heparin for Haemofiltration.pdf,review date: march 2020
83,docs/1a74f8f7b8b7e871b413c4697f68b4401fbacdf0/criticalcare/Drugs/.temp/dexmedetomidine.pdf,review date: 
84,docs/1a74f8f7b8b7e871b413c4697f68b4401fbacdf0/criticalcare/Drugs/.temp/phenylephrine.pdf,review date: december 2022 
85,docs/1a74f8f7b8b7e871b413c4697f68b4401fbacdf0/criticalcare/Drugs/.temp/epoprostenol.pdf,review date: 
86,docs/1a74f8f7b8b7e871b413c4697f68b4401fbacdf0/criticalcare/Drugs/.temp/heparin dosing in CVVHD.pdf,next review : 09/06/2023
87,docs/1a74f8f7b8b7e871b413c4697f68b4401fbacdf0/criticalcare/Drugs/.temp/aminophylline.pdf,review date: october 2021
88,docs/1a74f8f7b8b7e871b413c4697f68b4401fbacdf0/criticalcare/Drugs/.temp/all IV drug infusion information.pdf,issue date: september 2020 review date: september 2022 version: 20.1 
89,docs/1a74f8f7b8b7e871b413c4697f68b4401fbacdf0/criticalcare/Drugs/.temp/phenobarbitone.pdf,review date: may 
90,docs/1a74f8f7b8b7e871b413c4697f68b4401fbacdf0/criticalcare/Drugs/.temp/ketamine for status epilepticus.pdf,next review : august 2019
91,docs/1a74f8f7b8b7e871b413c4697f68b4401fbacdf0/criticalcare/Drugs/.temp/nicardipine.pdf,status draft/final: final review date: may 2023 
92,docs/1a74f8f7b8b7e871b413c4697f68b4401fbacdf0/criticalcare/Drugs/.temp/dobutamine.pdf,review date: 
93,docs/1a74f8f7b8b7e871b413c4697f68b4401fbacdf0/criticalcare/Drugs/.temp/ketamine in asthma.pdf,updated by: agata paczek july 2019 checked by:  claire hannah review date: september 2020 version: 19.1 
94,docs/1a74f8f7b8b7e871b413c4697f68b4401fbacdf0/criticalcare/Drugs/.temp/diazepam_diazemuls.pdf,next review : july 2018
95,docs/1a74f8f7b8b7e871b413c4697f68b4401fbacdf0/criticalcare/Drugs/.temp/vasopressin_sepsis.pdf,next review : may 2023 
96,docs/1a74f8f7b8b7e871b413c4697f68b4401fbacdf0/criticalcare/Drugs/.temp/magnesium.pdf,review date: october 2022
97,docs/1a74f8f7b8b7e871b413c4697f68b4401fbacdf0/criticalcare/Drugs/.temp/calcium.pdf,next review : april 2023
98,docs/1a74f8f7b8b7e871b413c4697f68b4401fbacdf0/criticalcare/Drugs/.temp/insulin.pdf,review date: 
99,docs/1a74f8f7b8b7e871b413c4697f68b4401fbacdf0/criticalcare/Drugs/.temp/morphine.pdf,status draft/final: final review date: june 2022 authoriser: lothian critical care qit editorial
100,docs/1a74f8f7b8b7e871b413c4697f68b4401fbacdf0/criticalcare/Drugs/.temp/sodium_valproate.pdf,next review : december 2020
101,docs/1a74f8f7b8b7e871b413c4697f68b4401fbacdf0/criticalcare/Drugs/.temp/rocuronium.pdf,review date: april 2023 
102,docs/1a74f8f7b8b7e871b413c4697f68b4401fbacdf0/criticalcare/Drugs/.temp/adrenaline.pdf,review date: a
103,docs/1a74f8f7b8b7e871b413c4697f68b4401fbacdf0/criticalcare/Drugs/.temp/glyceryl_trinitrate.pdf,next review : august 2019 
104,docs/1a74f8f7b8b7e871b413c4697f68b4401fbacdf0/criticalcare/Drugs/.temp/paracetamol.pdf,next review : august 2019
105,docs/1a74f8f7b8b7e871b413c4697f68b4401fbacdf0/criticalcare/Drugs/.temp/hydralazine.pdf,reviewed on:   next review  : may 202 2 .
106,docs/1a74f8f7b8b7e871b413c4697f68b4401fbacdf0/criticalcare/Drugs/.temp/pancuromium.pdf,status draft/final: final  review date: july 2022 authoriser: lothian critical care qit
107,docs/1a74f8f7b8b7e871b413c4697f68b4401fbacdf0/criticalcare/Drugs/.temp/midazolam and thiopental levels.pdf,next review : august 202
108,docs/1a74f8f7b8b7e871b413c4697f68b4401fbacdf0/criticalcare/Drugs/.temp/labetalol.pdf,status: final  review date: february 2023 
109,docs/1a74f8f7b8b7e871b413c4697f68b4401fbacdf0/criticalcare/Drugs/.temp/vancomycin_fluid_restricted.pdf,review date: 03/07/20
110,docs/1a74f8f7b8b7e871b413c4697f68b4401fbacdf0/criticalcare/Drugs/.temp/thiopentone.pdf,reviewed on:  next review :  august 2018 .
111,docs/1a74f8f7b8b7e871b413c4697f68b4401fbacdf0/criticalcare/Drugs/.temp/heparin_critical_care_only.pdf,reviewed on:  next review:  18 sep 2014 .
112,docs/1a74f8f7b8b7e871b413c4697f68b4401fbacdf0/criticalcare/Drugs/.temp/midazolam.pdf,status draft/final: final review date: may 2022 authoriser: lothian critical care qit
113,docs/1a74f8f7b8b7e871b413c4697f68b4401fbacdf0/criticalcare/Drugs/.temp/clonidine.pdf,review date: 
114,docs/1a74f8f7b8b7e871b413c4697f68b4401fbacdf0/criticalcare/Drugs/.temp/amiodarone.pdf,amiodarone should be prescribed as a regular iv with a review date. 
115,docs/1a74f8f7b8b7e871b413c4697f68b4401fbacdf0/criticalcare/Drugs/.temp/offline_DRAFTS/tirofiban_high_dose.pdf,"review date july 2016     lothian  university  hospitals  nhs  trust department of cardiology and department of pharmacy , royal infirmary of edinburgh"
116,docs/1a74f8f7b8b7e871b413c4697f68b4401fbacdf0/criticalcare/Drugs/.temp/offline_DRAFTS/tirofiban_high_dose_renal.pdf,review date december 2018 l
117,docs/1a74f8f7b8b7e871b413c4697f68b4401fbacdf0/criticalcare/Drugs/.temp/offline_DRAFTS/tirofiban_high_dose2.pdf,review date: december 2018 l
118,docs/1a74f8f7b8b7e871b413c4697f68b4401fbacdf0/criticalcare/Organ_donation/NHSL Organ and Tissue Donation Policy Final.pdf,"donation committee date of authorisation: 18/08/2022 review date: 18/08/2025  date added to intranet: xxxxx key words: organ donation, tissue donation, end of life care"
119,docs/1a74f8f7b8b7e871b413c4697f68b4401fbacdf0/criticalcare/Delirium/Managing a Potentially Violent Patient.pdf,next review : may 2021
120,docs/1a74f8f7b8b7e871b413c4697f68b4401fbacdf0/criticalcare/Delirium/Drugs Causing Delirium and Agitiation.pdf,next review : june 2021
121,docs/1a74f8f7b8b7e871b413c4697f68b4401fbacdf0/criticalcare/Delirium/Risk assessment posi mit.pdf,next review: 
122,docs/1a74f8f7b8b7e871b413c4697f68b4401fbacdf0/criticalcare/ECLS/Indications for VV ECLS.pdf,reviewed on:05/03/2020  next review :  05/03/2023 page1 indications for vv ecls
123,"docs/1a74f8f7b8b7e871b413c4697f68b4401fbacdf0/criticalcare/ECLS/Sedation, Analgesia, Antibiotic and Paralysis Management of the ECLS Patient.pdf","reviewed on:19/05/2021 next review :  05/05/2023 page1 sedation, analgesia, antibiotic & paralysis management of the"
124,docs/1a74f8f7b8b7e871b413c4697f68b4401fbacdf0/criticalcare/ECLS/Contraindications to ECLS therapy.pdf,reviewed on:05/03/2020  next review :  05/03/2023 page1 contraindications to ecls therapy
125,docs/1a74f8f7b8b7e871b413c4697f68b4401fbacdf0/criticalcare/ECLS/Patient preparation for ECLS.pdf,reviewed on:05/03/2020  next review :  05/03/2023 page1 patient preparation for ecls
126,docs/1a74f8f7b8b7e871b413c4697f68b4401fbacdf0/criticalcare/ECLS/RIE ECLS manual.pdf,reviewed on:19/05/2021 next review :  22/04/2023 page1 page1 peripheral extracorporeal life support
127,docs/1a74f8f7b8b7e871b413c4697f68b4401fbacdf0/criticalcare/ECLS/RIE ECLS Anti Xa Protocol.pdf,next review: april 2023 critical care guidelines **for intensive care use only **
128,docs/1a74f8f7b8b7e871b413c4697f68b4401fbacdf0/criticalcare/ECLS/Indications for VA ECLS.pdf,reviewed on:05/03/2020  next review :  05/03/2023 page1 indications for va ecls
129,docs/1a74f8f7b8b7e871b413c4697f68b4401fbacdf0/criticalcare/ECLS/Extra Corporeal Carbon Dioxide Removal.pdf,review date: oct 2017 
130,docs/1a74f8f7b8b7e871b413c4697f68b4401fbacdf0/criticalcare/End_of_life_care/Documentation following death.pdf,next review :  september 2021   critical care guidelines for critical care use only
131,docs/1a74f8f7b8b7e871b413c4697f68b4401fbacdf0/criticalcare/End_of_life_care/End of life care in critical care.pdf,"authors: dr monika beatty, dr murray blackstock, celia mckie rnan, karen hendry    document version: 1 review date: december 2014 "
132,docs/1a74f8f7b8b7e871b413c4697f68b4401fbacdf0/criticalcare/Transfer/Transfer Outdoors to Garden Guideline.pdf,"published date: august 2021review date: august 2024acknowledgments kate tantam rn bsc (hons) mres pgce bem, specialist sister icu, rehabilitation team,  critical care, university hospitals plymouth nhs trust, derriford hospital plymouthemma jackson mbchb (hons) ficm, north west intensive care traineenatalie pattison, florence nightingale foundation clinical professor of nursing,  university of hertfordshire/east and north herts nhs trustlouise rose, professor of critical care nursing and head of research division  (applied technologies in clinical care), florence nightingale faculty of nursing,  midwifery and palliative care, king’s college londonharriet noble, senior acet research nurse, hee/nihr ica pre-doctoral clinical fellow, anaesthetics critical care emergency and trauma.introduction"
133,docs/1a74f8f7b8b7e871b413c4697f68b4401fbacdf0/criticalcare/Transfer/ACCP Transfers.pdf,next review :  june 2023 .
134,docs/1a74f8f7b8b7e871b413c4697f68b4401fbacdf0/criticalcare/Transfer/Transfer Guidelines.pdf,status draft/final: final  review date:  feb 2027 authoriser:    date of authorisation:  directorate qit jan 23
135,docs/1a74f8f7b8b7e871b413c4697f68b4401fbacdf0/criticalcare/Trauma and Burns/Mangement of burns.pdf,next review : may 2018  critical care guidelines
136,docs/1a74f8f7b8b7e871b413c4697f68b4401fbacdf0/criticalcare/Trauma and Burns/Aspen Vista Collar Care.pdf,next review:  11/08/2022  critical care guidelines for critical care use only
137,docs/1a74f8f7b8b7e871b413c4697f68b4401fbacdf0/criticalcare/Obstetrics/Management of the Pregnant Patient in Critical Care.pdf,review date: 03/10/2025 
138,docs/1a74f8f7b8b7e871b413c4697f68b4401fbacdf0/criticalcare/Covid-19/COVID 19 ICM guidance basic goals_June_2022.pdf,reviewed on:  june 2022   next review :   september  2022 .
139,docs/1a74f8f7b8b7e871b413c4697f68b4401fbacdf0/criticalcare/Covid-19/Covid 19 Death Certification Guideline.pdf,next review :  august 2023 .
140,docs/1a74f8f7b8b7e871b413c4697f68b4401fbacdf0/criticalcare/Covid-19/RIE/COVID RIE Critical Care Admission Action Card.pdf,next review : .
141,docs/1a74f8f7b8b7e871b413c4697f68b4401fbacdf0/criticalcare/Covid-19/WGH/COVID WGH Ward 20 RIDU Intubation Action Card.pdf,next review : .
142,docs/1a74f8f7b8b7e871b413c4697f68b4401fbacdf0/criticalcare/Covid-19/WGH/WGH_CT_Transfer_May.pdf,next review :  july 2020 .
143,docs/1a74f8f7b8b7e871b413c4697f68b4401fbacdf0/criticalcare/Covid-19/WGH/CoVid intubation checklist WGH.pdf,review date: march 2020 
144,docs/1a74f8f7b8b7e871b413c4697f68b4401fbacdf0/criticalcare/Covid-19/WGH/Covid_extubation.pdf,review date: 
145,docs/1a74f8f7b8b7e871b413c4697f68b4401fbacdf0/criticalcare/Covid-19/WGH/COVID WGH Ward 20 Intubation Kit list.pdf,next review :    critical care guidelines for critical care use only
146,docs/1a74f8f7b8b7e871b413c4697f68b4401fbacdf0/criticalcare/Covid-19/COVID 19 Procedures/COVID Tracheostomy checklist.pdf,review date : 
147,docs/1a74f8f7b8b7e871b413c4697f68b4401fbacdf0/criticalcare/Covid-19/COVID 19 Procedures/COVID19 Critical Care Intubation Action Card.pdf,next review :  6.4.22 .
148,docs/1a74f8f7b8b7e871b413c4697f68b4401fbacdf0/criticalcare/Covid-19/COVID 19 Procedures/COVID Extubation Checklist.pdf,review date: 
149,docs/1a74f8f7b8b7e871b413c4697f68b4401fbacdf0/criticalcare/Covid-19/SJH/Covid_extubation.pdf,review date: 
150,docs/1a74f8f7b8b7e871b413c4697f68b4401fbacdf0/criticalcare/Covid-19/offline_DRAFTS/COVID-19 RIE Level 3 Intra-hospital CT Transfer Action Card Surge 2.pdf,next review :  may 2021 .
151,docs/1a74f8f7b8b7e871b413c4697f68b4401fbacdf0/criticalcare/Covid-19/offline_DRAFTS/Covid_extubation.pdf,review date: 
152,docs/1a74f8f7b8b7e871b413c4697f68b4401fbacdf0/criticalcare/Covid-19/offline_DRAFTS/COVID RIE Inter hospital transfer action card.pdf,next review : .
153,docs/1a74f8f7b8b7e871b413c4697f68b4401fbacdf0/criticalcare/Covid-19/offline_DRAFTS/COVID 19 ICM guidance basic goals.pdf,reviewed on:  june 2021   next review :   august 2021 .
154,docs/1a74f8f7b8b7e871b413c4697f68b4401fbacdf0/criticalcare/Covid-19/offline_DRAFTS/Management of fluid balance and renal replacement therapy inCOVID-19 ARDS patients.pdf,next review :  31/03/2021 .
155,docs/1a74f8f7b8b7e871b413c4697f68b4401fbacdf0/criticalcare/Covid-19/COVID 19 Haematology/Treatment of venous thromboembolism in COVID-19 patients.pdf,next review :  11/11/2022  **for intensive care use only ** adult heparin infusion chart for covid-19 patients
156,docs/1a74f8f7b8b7e871b413c4697f68b4401fbacdf0/criticalcare/Covid-19/videos/Donning and Doffing Video.pdf,next review :  june 2023 .
157,docs/1a74f8f7b8b7e871b413c4697f68b4401fbacdf0/criticalcare/Breathing(Respiratory)/salbutamol and ipratroprium MDI.pdf,next review : may 2019
158,docs/1a74f8f7b8b7e871b413c4697f68b4401fbacdf0/criticalcare/Breathing(Respiratory)/Proning Guideline.pdf,review date: jan 2026 
159,docs/1a74f8f7b8b7e871b413c4697f68b4401fbacdf0/criticalcare/Breathing(Respiratory)/CPAP.pdf,next review : july 2023 patient position:
160,docs/1a74f8f7b8b7e871b413c4697f68b4401fbacdf0/criticalcare/Breathing(Respiratory)/ARDS Strategy.pdf,review date: aug 2021 
161,docs/1a74f8f7b8b7e871b413c4697f68b4401fbacdf0/criticalcare/Breathing(Respiratory)/HFNO.pdf,review date: jun 2021
162,docs/1a74f8f7b8b7e871b413c4697f68b4401fbacdf0/criticalcare/Breathing(Respiratory)/Inhaled Nitrous Oxide.pdf,review date: april 2022 
163,docs/1a74f8f7b8b7e871b413c4697f68b4401fbacdf0/criticalcare/Breathing(Respiratory)/offline_SARI/Setup Guide for Jupiter Hoods.pdf,reviewed on: f gaskell april 2014  next review :  april 2016 .
164,"docs/1a74f8f7b8b7e871b413c4697f68b4401fbacdf0/criticalcare/Breathing(Respiratory)/offline_SARI/Suspected Influeza A, Avian influenza, H5N1 and SARS.pdf",review date: september 2017 
165,docs/1a74f8f7b8b7e871b413c4697f68b4401fbacdf0/criticalcare/Breathing(Respiratory)/offline_SARI/H1N1 Virology Sampling and Oseltamivir Dose.pdf,reviewed on: dec 14  next review :   dec 2016 
166,docs/1a74f8f7b8b7e871b413c4697f68b4401fbacdf0/criticalcare/Breathing(Respiratory)/offline_SARI/Suspected Influeza A-H7N9 Guideline.pdf,review date: september 2017 
167,docs/1a74f8f7b8b7e871b413c4697f68b4401fbacdf0/criticalcare/Breathing(Respiratory)/offline_SARI/MERS-CoV Guideline.pdf,document version: 1  review date: september 2017 
168,docs/1a74f8f7b8b7e871b413c4697f68b4401fbacdf0/criticalcare/Breathing(Respiratory)/offline_SARI/Management of Patients with severe acute respiratory infection SARI.pdf,document version: 1  review date: september 2017 
169,docs/1a74f8f7b8b7e871b413c4697f68b4401fbacdf0/criticalcare/Breathing(Respiratory)/offline_SARI/Management of patients with SARI-additional Information.pdf,document version: 1  review date: september 2017 
170,docs/1a74f8f7b8b7e871b413c4697f68b4401fbacdf0/criticalcare/Breathing(Respiratory)/offline_DRAFTS/Pneumonia screen.pdf,review date: may 2018 
171,docs/1a74f8f7b8b7e871b413c4697f68b4401fbacdf0/criticalcare/Breathing(Respiratory)/offline_DRAFTS/offline_CAP investigations.pdf,review date: may
172,docs/1a74f8f7b8b7e871b413c4697f68b4401fbacdf0/criticalcare/Breathing(Respiratory)/Equipment/NIV Set up in Critical Care.pdf,next review : jan 2027
173,"docs/1a74f8f7b8b7e871b413c4697f68b4401fbacdf0/criticalcare/Breathing(Respiratory)/Equipment/Ventilators Circuits, Filters and Closed Suction - Set up and Maintenance.pdf",next review: july 2023 .
174,docs/1a74f8f7b8b7e871b413c4697f68b4401fbacdf0/criticalcare/Breathing(Respiratory)/Equipment/T piece Y piece.pdf,next review: june 2022 .
175,docs/1a74f8f7b8b7e871b413c4697f68b4401fbacdf0/criticalcare/Breathing(Respiratory)/Equipment/AMBU AScope.pdf,status draft/final: final review date: april 2016 
176,docs/1a74f8f7b8b7e871b413c4697f68b4401fbacdf0/criticalcare/Breathing(Respiratory)/Equipment/HFNO through ventilator.pdf,next review : october 2022
177,docs/1a74f8f7b8b7e871b413c4697f68b4401fbacdf0/criticalcare/Breathing(Respiratory)/Equipment/Passy Muir Valve.pdf,"next review :  july 2024  critical care guidelines  – use of passy muir valve for critical care use only"
178,docs/1a74f8f7b8b7e871b413c4697f68b4401fbacdf0/criticalcare/Breathing(Respiratory)/Equipment/APRV.pdf,next review: may 2022 .
179,docs/1a74f8f7b8b7e871b413c4697f68b4401fbacdf0/criticalcare/Breathing(Respiratory)/Equipment/Bipap V60.pdf,next review : july 2023 .
180,docs/1a74f8f7b8b7e871b413c4697f68b4401fbacdf0/criticalcare/Emergencies/Air Embolism_em.pdf,review date: sept 2021
181,docs/1a74f8f7b8b7e871b413c4697f68b4401fbacdf0/criticalcare/Emergencies/bBraun Spaceplus Failure EMERGENCY ACTION CARD_em.pdf,next review: 14th january 2022 
182,docs/1a74f8f7b8b7e871b413c4697f68b4401fbacdf0/criticalcare/Emergencies/Emergency intubation checklist_em_pub.pdf,review date: march 2020 
183,docs/1a74f8f7b8b7e871b413c4697f68b4401fbacdf0/criticalcare/Emergencies/EZ-IO Intraosseus Access Device_pub_em.pdf,reviewed on:  next review : august 2016 
184,docs/1a74f8f7b8b7e871b413c4697f68b4401fbacdf0/criticalcare/Diabetes_and_Glucose/Intravenous Insulin Therapy (not for DKA or HHS).pdf,review date: february 2023 
185,docs/1a74f8f7b8b7e871b413c4697f68b4401fbacdf0/criticalcare/Diabetes_and_Glucose/Ketone Guideline (not for DKA or HHS).pdf,reviewed on:   next review :   01/02/2023 .
186,docs/1a74f8f7b8b7e871b413c4697f68b4401fbacdf0/criticalcare/Diabetes_and_Glucose/Hyperosmolar Hyperglycaemic State.pdf,"guidance document prepared by a. anderson, r. gifford, s. ritchie march 2017, review date march 2020 in accordance with guidelines as set out by jbds  the management  of the hyperosmolar   hyperglycaemic state"
187,docs/1a74f8f7b8b7e871b413c4697f68b4401fbacdf0/criticalcare/Cardiovascular/Air Embolism_em.pdf,review date: sept 2021
188,docs/1a74f8f7b8b7e871b413c4697f68b4401fbacdf0/criticalcare/Cardiovascular/Steroids for Septic Shock.pdf,next review :  may 2022 .
189,docs/1a74f8f7b8b7e871b413c4697f68b4401fbacdf0/criticalcare/Cardiovascular/Cardiogenic Shock.pdf,next review : october 2023 
190,docs/1a74f8f7b8b7e871b413c4697f68b4401fbacdf0/criticalcare/Cardiovascular/Central Venous Catheters - Guideline for Management of Misplacement.pdf,next review : .
191,docs/1a74f8f7b8b7e871b413c4697f68b4401fbacdf0/criticalcare/Cardiovascular/Intra Aortic Balloon Pump Bedside Checks_pub.pdf,reviewed on: september 2021 next review :  august 2024 
192,docs/1a74f8f7b8b7e871b413c4697f68b4401fbacdf0/criticalcare/Cardiovascular/Intra Aortic Balloon Pump Guideline_pub.pdf,reviewed on: sept 2021  next review :  august 2024 set-up
193,docs/1a74f8f7b8b7e871b413c4697f68b4401fbacdf0/criticalcare/Cardiovascular/GJNH Acute Heart Failure Referral Form.pdf,reviewed on:11.09.18 next review :  august 2020 
194,docs/1a74f8f7b8b7e871b413c4697f68b4401fbacdf0/criticalcare/Cardiovascular/Management of Acute Type B Aortic Dissection Guideline.pdf,review date: 
195,docs/1a74f8f7b8b7e871b413c4697f68b4401fbacdf0/criticalcare/Cardiovascular/Management of hypertension within Critical Care.pdf,review date: february 2024 
196,docs/1a74f8f7b8b7e871b413c4697f68b4401fbacdf0/criticalcare/Cardiovascular/EZ-IO Intraosseus Access Device_pub_em.pdf,reviewed on:  next review : august 2016 
197,docs/1a74f8f7b8b7e871b413c4697f68b4401fbacdf0/criticalcare/Cardiovascular/Cardiac Output Monitoring _pub.pdf,next review: july 2025 
198,docs/1a74f8f7b8b7e871b413c4697f68b4401fbacdf0/criticalcare/Cardiovascular/Pulmonary_Embolism_and_DVT/Catheter directed thrombolysis of iliofemoral DVT alteplase_pub.pdf,status draft/final:  final   review date:  july 2025 authoriser;  e.g. formulary committee & d &  t   date authorisation:  19.11.15
199,docs/1a74f8f7b8b7e871b413c4697f68b4401fbacdf0/criticalcare/Cardiovascular/Pulmonary_Embolism_and_DVT/Care pathway for Catheter Directed Thrombolysis (CDT) of Iliofemoral deep vein thrombosis (DVT).pdf,review date: 19.11.16
200,docs/1a74f8f7b8b7e871b413c4697f68b4401fbacdf0/criticalcare/Post_op_care/Adult Scoliosis Spinal Surgery Post-Op Care.pdf,"review date:  november 2022 critical care, royal infirmary of edinburgh   – guideline "
201,docs/1a74f8f7b8b7e871b413c4697f68b4401fbacdf0/criticalcare/Post_op_care/Prevention and treatment of paraplegia after major aortic procedures.pdf,vascular anaesthesia group – version 1.7 – published march 2021 – review date march 2026 page 1 of 4
202,docs/1a74f8f7b8b7e871b413c4697f68b4401fbacdf0/criticalcare/Post_op_care/Major OMFS Free Flap.pdf,review date: 9 november 2022 
203,docs/1a74f8f7b8b7e871b413c4697f68b4401fbacdf0/criticalcare/Post_op_care/Post op care pharyngo-laryngo-oesphagectomy PLOG.pdf,review date: december 2022 admission
204,docs/1a74f8f7b8b7e871b413c4697f68b4401fbacdf0/criticalcare/Post_op_care/Anticoagulation antiplatelet agents and epidural analgesia.pdf,date of authorisation: 27 sep 2013                                                        review date: sep 2019 date added to intranet:
205,docs/1a74f8f7b8b7e871b413c4697f68b4401fbacdf0/criticalcare/Post_op_care/Epidural Haematoma.pdf,next review date: 
206,docs/1a74f8f7b8b7e871b413c4697f68b4401fbacdf0/criticalcare/Post_op_care/Oesophagectomy Post-operative Management.pdf,next review :  31/07/2023 .
207,docs/1a74f8f7b8b7e871b413c4697f68b4401fbacdf0/criticalcare/Post_op_care/Epidural hypotension.pdf,next review by jun 26 
208,docs/1a74f8f7b8b7e871b413c4697f68b4401fbacdf0/criticalcare/Infection_and_sepsis/Initial investigation and management in unidentified Infections.pdf,status draft/final:  final  review date:  feb 2025 authoriser:  critical care infection group   date of authorisation:  4 feb 2022
209,docs/1a74f8f7b8b7e871b413c4697f68b4401fbacdf0/criticalcare/Infection_and_sepsis/Antibiotic doses in CVVHD.pdf,review date:  february 2023 
210,docs/1a74f8f7b8b7e871b413c4697f68b4401fbacdf0/criticalcare/Infection_and_sepsis/Ventriculitis.pdf,next review:  june 2025 .
211,docs/1a74f8f7b8b7e871b413c4697f68b4401fbacdf0/criticalcare/Infection_and_sepsis/Sampling for VAP and HAP.pdf,review date: 30-apr-2023 
212,docs/1a74f8f7b8b7e871b413c4697f68b4401fbacdf0/criticalcare/Infection_and_sepsis/SOP Ultrasound Cleaning.pdf,review date authors
213,docs/1a74f8f7b8b7e871b413c4697f68b4401fbacdf0/criticalcare/Infection_and_sepsis/Sampling for CAP.pdf,review date: 30-apr-2023 
214,docs/1a74f8f7b8b7e871b413c4697f68b4401fbacdf0/criticalcare/Infection_and_sepsis/BAL and MiniBAL standardised procedure.pdf,review date: july 2022 
215,docs/1a74f8f7b8b7e871b413c4697f68b4401fbacdf0/criticalcare/Infection_and_sepsis/Infection indications for IVIG.pdf,review date: july 2023 
216,docs/1a74f8f7b8b7e871b413c4697f68b4401fbacdf0/criticalcare/Infection_and_sepsis/Clorhexidine Guide.pdf,review date: 19/11/2021 
217,docs/1a74f8f7b8b7e871b413c4697f68b4401fbacdf0/criticalcare/Infection_and_sepsis/Trainee Infection Prevention Handout.pdf,"   documention of an indication for antimicrobials and review date /stop date are mandatory    document any escalation/de-escalation  suggested by microbiologist in the trak clinical cotes using the"
218,docs/1a74f8f7b8b7e871b413c4697f68b4401fbacdf0/criticalcare/Infection_and_sepsis/SARI/Influenza A and B Virology Sampling and Oseltamivir Dose.pdf,reviewed on:  dec 2018   next review :   dec 2019 .
219,docs/1a74f8f7b8b7e871b413c4697f68b4401fbacdf0/criticalcare/Infection_and_sepsis/SARI/Setup Guide for Jupiter Hoods.pdf,reviewed on: f gaskell april 2014  next review :  april 2016 .
220,"docs/1a74f8f7b8b7e871b413c4697f68b4401fbacdf0/criticalcare/Infection_and_sepsis/SARI/Suspected Influeza A, Avian influenza, H5N1 and SARS.pdf",review date: september 2017 
221,docs/1a74f8f7b8b7e871b413c4697f68b4401fbacdf0/criticalcare/Infection_and_sepsis/SARI/Suspected Influeza A-H7N9 Guideline.pdf,review date: september 2017 
222,docs/1a74f8f7b8b7e871b413c4697f68b4401fbacdf0/criticalcare/Infection_and_sepsis/SARI/MERS-CoV Guideline.pdf,document version: 1  review date: september 2017 
223,docs/1a74f8f7b8b7e871b413c4697f68b4401fbacdf0/criticalcare/Infection_and_sepsis/SARI/Reporting influenza deaths.pdf,reviewed on:  next review :  jan 2015 .
224,docs/1a74f8f7b8b7e871b413c4697f68b4401fbacdf0/criticalcare/Infection_and_sepsis/SARI/Management of Patients with severe acute respiratory infection SARI.pdf,document version: 1  review date: september 2017 
225,docs/1a74f8f7b8b7e871b413c4697f68b4401fbacdf0/criticalcare/Infection_and_sepsis/SARI/Management of patients with SARI-additional Information.pdf,document version: 1  review date: september 2017 
226,docs/1a74f8f7b8b7e871b413c4697f68b4401fbacdf0/criticalcare/Infection_and_sepsis/admin/Infection Group Terms of Reference.pdf,review date: 30-apr-2023 
227,docs/1a74f8f7b8b7e871b413c4697f68b4401fbacdf0/criticalcare/Infection_and_sepsis/Ebola/Ebola.pdf,review date: march 2015 
228,docs/1a74f8f7b8b7e871b413c4697f68b4401fbacdf0/criticalcare/Airway/Anticipated difficult airway tool.pdf,next review : june 2021
229,docs/1a74f8f7b8b7e871b413c4697f68b4401fbacdf0/criticalcare/Airway/Percutaneous tracheostomy checklist.pdf,review date: feb 2021 
230,docs/1a74f8f7b8b7e871b413c4697f68b4401fbacdf0/criticalcare/Airway/Critical care extubation checklist.pdf,review date: oct 2017 
231,docs/1a74f8f7b8b7e871b413c4697f68b4401fbacdf0/criticalcare/Airway/McGrath Mac.pdf,review date: june 2021 
232,docs/1a74f8f7b8b7e871b413c4697f68b4401fbacdf0/criticalcare/Airway/SACETT.pdf,review date: 3/2024 
233,docs/1a74f8f7b8b7e871b413c4697f68b4401fbacdf0/criticalcare/Airway/Emergency intubation checklist_em_pub.pdf,review date: march 2020 
234,docs/1a74f8f7b8b7e871b413c4697f68b4401fbacdf0/criticalcare/Airway/Cook Staged Extubation Set.pdf,review date: jun 2021 
235,docs/1a74f8f7b8b7e871b413c4697f68b4401fbacdf0/criticalcare/Airway/Tracheostomy_Laryngectomy/Tracheostomy guideline.pdf,next review :  may 2020 
236,docs/1a74f8f7b8b7e871b413c4697f68b4401fbacdf0/criticalcare/Airway/Tracheostomy_Laryngectomy/Laryngectomy Poster.pdf,national tracheostomy safety project.  review date 1/1/24. feedback & resources at  www.tracheostomy.org.uk .
237,docs/1a74f8f7b8b7e871b413c4697f68b4401fbacdf0/criticalcare/Airway/Tracheostomy_Laryngectomy/Decannulation Guidline.pdf,reviewed on: sep 2022   next review: aug 2025 .
238,docs/1a74f8f7b8b7e871b413c4697f68b4401fbacdf0/criticalcare/Airway/Tracheostomy_Laryngectomy/Hospital_in-patients_with_a_Tracheostomy.pdf,review date: nov 2017 
239,docs/1a74f8f7b8b7e871b413c4697f68b4401fbacdf0/criticalcare/Airway/Tracheostomy_Laryngectomy/Tracheostomy change in Critical Care.pdf,next review : june 2012
240,docs/1a74f8f7b8b7e871b413c4697f68b4401fbacdf0/criticalcare/Airway/Tracheostomy_Laryngectomy/Tracheostomy Poster.pdf,national tracheostomy safety project.  review date 1/1/24. feedback & resources at  www.tracheostomy.org.uk .
241,docs/1a74f8f7b8b7e871b413c4697f68b4401fbacdf0/criticalcare/Airway/Tracheostomy_Laryngectomy/Tracheostomy suctioning cleaning guideline.pdf,next review : june 2012
242,docs/1a74f8f7b8b7e871b413c4697f68b4401fbacdf0/criticalcare/Airway/Tracheostomy_Laryngectomy/Tracheostomy safety box contents.pdf,review date: june
243,docs/1a74f8f7b8b7e871b413c4697f68b4401fbacdf0/criticalcare/Neurological/Treatment of status epilepticus.pdf,review date: september 2023 
244,docs/1a74f8f7b8b7e871b413c4697f68b4401fbacdf0/criticalcare/Neurological/Intrathecal policy RIE.pdf,review date: february 2025 
245,docs/1a74f8f7b8b7e871b413c4697f68b4401fbacdf0/criticalcare/Neurological/Ventriculitis Guideline.pdf,next review:  june 2025 .
246,docs/1a74f8f7b8b7e871b413c4697f68b4401fbacdf0/criticalcare/Neurological/Managementl of femoral artery sheath.pdf,reviewed on:  next review :  1/7/15 please do not attempt to remove sheath without prio r discussion
247,docs/1a74f8f7b8b7e871b413c4697f68b4401fbacdf0/criticalcare/Neurological/Thiopentone levels.pdf,reviewed on:  next review : 20  dec 2014 .
248,docs/1a74f8f7b8b7e871b413c4697f68b4401fbacdf0/criticalcare/Neurological/Intrathecal Administration Guidance.pdf,"reviewed on: 6/ 5/2 2 next review :   6 / 5 / 2 3 jonathon rhodes ."
249,docs/1a74f8f7b8b7e871b413c4697f68b4401fbacdf0/criticalcare/Neurological/Sub arachnoid haemorrhage management.pdf,next review : june 2021  critical care guidelines
250,docs/1a74f8f7b8b7e871b413c4697f68b4401fbacdf0/criticalcare/Neurological/Critical Care MRI Procedure_pub.pdf,11/02/2022   next review date:
251,docs/1a74f8f7b8b7e871b413c4697f68b4401fbacdf0/criticalcare/Neurological/Management of traumatic brain injury.pdf,review date: october  2021 
252,docs/1a74f8f7b8b7e871b413c4697f68b4401fbacdf0/criticalcare/Haematology_CAR-T/ICANS.pdf,review date: march 2024 
253,docs/1a74f8f7b8b7e871b413c4697f68b4401fbacdf0/criticalcare/Haematology_CAR-T/Haem_ICU_transfer.pdf,review date: j
254,docs/1a74f8f7b8b7e871b413c4697f68b4401fbacdf0/criticalcare/Haematology_CAR-T/CRS.pdf,review date: march 2024 
255,docs/1a74f8f7b8b7e871b413c4697f68b4401fbacdf0/criticalcare/Routine_Care/Tracheostomy_nursing_care.pdf,status draft/final: draft review date: aug 2017 
256,docs/1a74f8f7b8b7e871b413c4697f68b4401fbacdf0/criticalcare/Routine_Care/Faecal  incontinence skin care.pdf,next review by july 2011 l skin intact
257,docs/1a74f8f7b8b7e871b413c4697f68b4401fbacdf0/criticalcare/Routine_Care/bBraun Spaceplus Failure EMERGENCY ACTION CARD_em.pdf,next review: 14th january 2022 
258,docs/1a74f8f7b8b7e871b413c4697f68b4401fbacdf0/criticalcare/Routine_Care/Central venous catheter removal.pdf,reviewed on:  next review :   january 2017 
259,docs/1a74f8f7b8b7e871b413c4697f68b4401fbacdf0/criticalcare/Routine_Care/Administration of Inotropes.pdf,"review date sept, 2017. ."
260,docs/1a74f8f7b8b7e871b413c4697f68b4401fbacdf0/criticalcare/Routine_Care/Nursing for Arterial and Central Venous Lines.pdf,review date: mar 2011 insertion and care of arterial and central venous lines
261,docs/1a74f8f7b8b7e871b413c4697f68b4401fbacdf0/criticalcare/Routine_Care/Invasive Flush Systems.pdf,review date: october 2014 /g87/g396/g286/g400/g400/g437/g396/g349/g400/g286/g282/g3/g349/g374/g296/g437/g400/g349/g381/g374/g3/g400/g455/g400/g410/g286/g373/g400/g3/g437/g400/g286/g282/g3/g410/g381/g3/g373/g258/g349/g374/g410/g258/g349/g374/g3/g393/g258/g410/g286/g374 /g272/g455/g3/g381/g296/g3/g258/g396/g410/g286/g396/g349/g258/g367/g853/g3/g272/g286/g374/g410/g396/g258/g367/g3/g448/g286/g374/g381/g437/g400/g3
262,docs/1a74f8f7b8b7e871b413c4697f68b4401fbacdf0/criticalcare/Routine_Care/Video Communication.pdf,review date: september 2023 
263,docs/1a74f8f7b8b7e871b413c4697f68b4401fbacdf0/criticalcare/Routine_Care/ICU Eye Care Guideline.pdf,next review :  may 2025 .
264,docs/1a74f8f7b8b7e871b413c4697f68b4401fbacdf0/criticalcare/Routine_Care/Sedation Weaning Guideline.pdf,status draft/final: final review date: 30.09.12 
265,docs/1a74f8f7b8b7e871b413c4697f68b4401fbacdf0/criticalcare/Routine_Care/VTE_Prevention/TED Stocking Sizing.pdf,next review by june 2011 
266,docs/1a74f8f7b8b7e871b413c4697f68b4401fbacdf0/criticalcare/Routine_Care/VTE_Prevention/Dalteparin_thromboprophylaxis.pdf,reviewed on: november 2020 next review :november 2022 critical care vte prophylaxis protocol
